ID,PID,Job,Receptor,Ligand,Affinity,lRMSD,uRMSD,logKi, LE,SILE,FQ,LLE,LELP,Ki
119,119,119,2m9p_A_chian,5280965,-11.95,0,0,-8.759,0.184,3.416,0.958,0.626,44.201,1.74 nM
163,163,169,2m9p_A_chian,68873,-10.99,0,0,-8.056,0.407,4.089,1.108,5.262,6.865,8.79 nM
29,29,33,2m9p_A_chian,9829523,-10.86,0,0,-7.96,0.253,3.514,0.988,4.784,12.551,10.95 nM
216,216,220,2m9p_A_chian,452548,-10.84,0,0,-7.946,0.236,3.437,0.968,1.763,26.199,11.33 nM
130,130,135,2m9p_A_chian,2724385,-10.78,0,0,-7.902,0.196,3.24,0.913,3.035,24.833,12.54 nM
34,34,38,2m9p_A_chian,49846579,-10.37,0,0,-7.601,0.17,3.021,0.849,-3.452,65.017,25.04 nM
189,189,194,2m9p_A_chian,36462,-10.36,0,0,-7.594,0.247,3.376,0.948,2.7,19.813,25.47 nM
116,116,121,2m9p_A_chian,6215,-10.32,0,0,-7.565,0.323,3.649,1.006,5.689,5.808,27.25 nM
239,239,248,2m9p_A_chian,5833,-10.32,0,0,-7.565,0.356,3.758,1.026,3.936,10.192,27.25 nM
166,166,172,2m9p_A_chian,6436,-10.3,0,0,-7.55,0.332,3.676,1.009,6.061,4.485,28.18 nM
203,203,205,2m9p_A_chian,71661251,-10.27,0,0,-7.528,0.158,2.936,0.822,-2.713,64.814,29.65 nM
147,147,153,2m9p_A_chian,5311052,-10.26,0,0,-7.521,0.366,3.776,1.026,5.465,5.618,30.15 nM
96,96,101,2m9p_A_chian,6297,-10.23,0,0,-7.499,0.176,3.026,0.85,-2.955,59.398,31.72 nM
228,228,236,2m9p_A_chian,23725625,-10.23,0,0,-7.499,0.32,3.617,0.997,4.333,9.893,31.72 nM
2,2,4,2m9p_A_chian,31101,-10.17,0,0,-7.455,0.237,3.291,0.926,3.615,16.205,35.1 nM
157,157,163,2m9p_A_chian,67505836,-10.16,0,0,-7.447,0.156,2.904,0.812,-2.616,64.507,35.7 nM
152,152,158,2m9p_A_chian,60838,-10.15,0,0,-7.44,0.236,3.284,0.922,4.095,14.175,36.3 nM
224,224,230,2m9p_A_chian,54732242,-10.14,0,0,-7.433,0.241,3.304,0.925,2.497,20.482,36.92 nM
125,125,130,2m9p_A_chian,39765,-10.09,0,0,-7.396,0.252,3.336,0.933,3.428,15.745,40.17 nM
126,126,131,2m9p_A_chian,441289,-10.09,0,0,-7.396,0.246,3.312,0.927,4.273,12.694,40.17 nM
114,114,113,2m9p_A_chian,67683363,-10.05,0,0,-7.367,0.155,2.873,0.807,1.712,36.485,42.98 nM
6,6,8,2m9p_A_chian,8223,-10.01,0,0,-7.337,0.233,3.239,0.91,5.307,8.712,45.98 nM
22,22,25,2m9p_A_chian,10531,-9.986,0,0,-7.32,0.232,3.231,0.906,5.638,7.252,47.88 nM
223,223,232,2m9p_A_chian,6446,-9.955,0,0,-7.297,0.415,3.837,1.028,4.946,5.666,50.45 nM
160,160,166,2m9p_A_chian,6010,-9.804,0,0,-7.186,0.446,3.879,1.03,5.043,4.806,65.1 nM
172,172,180,2m9p_A_chian,644241,-9.79,0,0,-7.176,0.251,3.262,0.911,0.674,25.904,66.66 nM
241,241,250,2m9p_A_chian,24958200,-9.786,0,0,-7.173,0.408,3.772,1.01,3.519,8.955,67.11 nM
56,56,61,2m9p_A_chian,16850,-9.765,0,0,-7.158,0.391,3.718,1,4.534,6.71,69.53 nM
192,192,200,2m9p_A_chian,443872,-9.76,0,0,-7.154,0.325,3.518,0.962,4.189,9.122,70.12 nM
47,47,51,2m9p_A_chian,110635,-9.685,0,0,-7.099,0.334,3.527,0.963,6.775,0.969,79.58 nM
120,120,125,2m9p_A_chian,5311067,-9.683,0,0,-7.098,0.359,3.602,0.977,5.543,4.333,79.85 nM
162,162,168,2m9p_A_chian,82153,-9.681,0,0,-7.096,0.312,3.456,0.948,5.296,5.769,80.12 nM
103,103,107,2m9p_A_chian,9782,-9.539,0,0,-6.992,0.341,3.51,0.956,5.543,4.249,101.82 nM
32,32,36,2m9p_A_chian,54675776,-9.522,0,0,-6.98,0.298,3.367,0.928,5.596,4.643,104.78 nM
204,204,212,2m9p_A_chian,189821,-9.506,0,0,-6.968,0.297,3.361,0.925,6.081,2.988,107.65 nM
57,57,62,2m9p_A_chian,2794,-9.495,0,0,-6.96,0.288,3.326,0.919,-0.957,27.488,109.67 nM
62,62,67,2m9p_A_chian,71415,-9.49,0,0,-6.956,0.327,3.456,0.942,5.302,5.057,110.6 nM
121,121,126,2m9p_A_chian,20469,-9.475,0,0,-6.945,0.338,3.487,0.947,4.262,7.938,113.43 nM
51,51,55,2m9p_A_chian,42890,-9.413,0,0,-6.9,0.261,3.212,0.891,3.649,12.457,125.94 nM
4,4,6,2m9p_A_chian,54686904,-9.377,0,0,-6.873,0.223,3.056,0.856,5.644,5.512,133.83 nM
173,173,181,2m9p_A_chian,132971,-9.366,0,0,-6.865,0.36,3.524,0.951,3.992,7.982,136.34 nM
21,21,24,2m9p_A_chian,31703,-9.358,0,0,-6.86,0.24,3.118,0.871,4.628,9.301,138.2 nM
214,214,222,2m9p_A_chian,5280793,-9.3,0,0,-6.817,0.321,3.387,0.925,0.738,18.937,152.41 nM
143,143,148,2m9p_A_chian,5994,-9.295,0,0,-6.813,0.404,3.629,0.967,4.734,5.146,153.7 nM
20,20,23,2m9p_A_chian,41867,-9.279,0,0,-6.802,0.238,3.092,0.864,4.57,9.379,157.91 nM
244,244,252,2m9p_A_chian,441290,-9.267,0,0,-6.793,0.244,3.112,0.868,2.777,16.46,161.14 nM
18,18,21,2m9p_A_chian,441243,-9.207,0,0,-6.749,0.188,2.865,0.807,3.211,18.818,178.31 nM
15,15,18,2m9p_A_chian,30323,-9.204,0,0,-6.747,0.242,3.091,0.861,3.487,13.47,179.22 nM
39,39,35,2m9p_A_chian,5388993,-9.204,0,0,-6.747,0.153,2.695,0.756,4.106,17.259,179.22 nM
161,161,167,2m9p_A_chian,487101,-9.171,0,0,-6.722,0.306,3.306,0.906,4.158,8.379,189.48 nM
40,40,43,2m9p_A_chian,13342,-9.159,0,0,-6.714,0.155,2.695,0.757,3.485,20.83,193.36 nM
106,106,111,2m9p_A_chian,5311412,-9.143,0,0,-6.702,0.339,3.402,0.923,4.93,5.228,198.65 nM
175,175,183,2m9p_A_chian,6013,-9.115,0,0,-6.681,0.434,3.657,0.966,4.992,3.892,208.27 nM
129,129,134,2m9p_A_chian,31307,-9.11,0,0,-6.678,0.325,3.353,0.911,5.733,2.906,210.03 nM
75,75,80,2m9p_A_chian,55245,-9.087,0,0,-6.661,0.284,3.213,0.885,2.569,14.409,218.34 nM
136,136,140,2m9p_A_chian,5311066,-9.085,0,0,-6.659,0.303,3.275,0.897,4.52,7.058,219.08 nM
68,68,73,2m9p_A_chian,10280735,-9.082,0,0,-6.657,0.245,3.074,0.854,4.298,9.63,220.19 nM
48,48,52,2m9p_A_chian,10182969,-9.049,0,0,-6.633,0.266,3.142,0.869,3.498,11.786,232.81 nM
138,138,143,2m9p_A_chian,5281104,-9.035,0,0,-6.623,0.301,3.257,0.891,1.736,16.236,238.37 nM
148,148,154,2m9p_A_chian,5360515,-9.031,0,0,-6.62,0.361,3.438,0.924,1.553,14.035,239.99 nM
158,158,164,2m9p_A_chian,9853053,-9.02,0,0,-6.612,0.18,2.789,0.784,-1.839,46.948,244.49 nM
94,94,99,2m9p_A_chian,9878,-9.012,0,0,-6.606,0.334,3.353,0.909,4.353,6.744,247.81 nM
86,86,91,2m9p_A_chian,16678941,-9.003,0,0,-6.599,0.273,3.154,0.871,2.67,14.391,251.6 nM
101,101,106,2m9p_A_chian,5743,-8.985,0,0,-6.586,0.321,3.307,0.9,5.071,4.719,259.36 nM
105,105,108,2m9p_A_chian,71226662,-8.964,0,0,-6.571,0.256,3.085,0.855,2.159,17.234,268.72 nM
42,42,46,2m9p_A_chian,5035,-8.963,0,0,-6.57,0.264,3.112,0.862,0.186,24.181,269.17 nM
140,140,146,2m9p_A_chian,10631,-8.962,0,0,-6.569,0.358,3.412,0.916,4.365,6.158,269.63 nM
63,63,68,2m9p_A_chian,115237,-8.941,0,0,-6.554,0.288,3.191,0.875,2.653,13.544,279.36 nM
89,89,94,2m9p_A_chian,60198,-8.939,0,0,-6.552,0.406,3.536,0.937,4.456,5.161,280.3 nM
185,185,193,2m9p_A_chian,247839,-8.937,0,0,-6.551,0.357,3.403,0.913,4.967,4.437,281.25 nM
154,154,160,2m9p_A_chian,5311000,-8.922,0,0,-6.54,0.319,3.283,0.894,4.211,7.302,288.46 nM
33,33,37,2m9p_A_chian,49806720,-8.913,0,0,-6.533,0.248,3.042,0.847,1.024,22.214,292.88 nM
107,107,110,2m9p_A_chian,5281004,-8.909,0,0,-6.53,0.287,3.18,0.872,3.874,9.253,294.86 nM
144,144,150,2m9p_A_chian,19090,-8.908,0,0,-6.53,0.356,3.392,0.911,4.47,5.787,295.36 nM
117,117,122,2m9p_A_chian,13769,-8.894,0,0,-6.519,0.404,3.519,0.933,5.014,3.725,302.42 nM
137,137,142,2m9p_A_chian,11167602,-8.886,0,0,-6.514,0.269,3.113,0.859,0.288,23.144,306.53 nM
243,243,251,2m9p_A_chian,5311304,-8.812,0,0,-6.459,0.339,3.316,0.895,0.765,16.795,347.31 nM
46,46,49,2m9p_A_chian,5311497,-8.801,0,0,-6.451,0.154,2.617,0.735,1.597,31.52,353.82 nM
54,54,59,2m9p_A_chian,5073,-8.795,0,0,-6.447,0.293,3.17,0.867,2.432,13.703,357.42 nM
35,35,39,2m9p_A_chian,13559281,-8.781,0,0,-6.437,0.274,3.105,0.854,2.511,14.328,365.97 nM
218,218,225,2m9p_A_chian,135415867,-8.748,0,0,-6.412,0.257,3.037,0.84,2.097,16.791,386.93 nM
190,190,197,2m9p_A_chian,5280795,-8.742,0,0,-6.408,0.312,3.217,0.874,0.346,19.429,390.87 nM
167,167,174,2m9p_A_chian,222528,-8.741,0,0,-6.407,0.312,3.217,0.874,3.278,10.029,391.53 nM
122,122,127,2m9p_A_chian,441335,-8.732,0,0,-6.401,0.312,3.213,0.874,3.436,9.503,397.52 nM
104,104,109,2m9p_A_chian,10077130,-8.73,0,0,-6.399,0.243,2.979,0.83,-0.718,29.29,398.86 nM
113,113,118,2m9p_A_chian,5311051,-8.705,0,0,-6.381,0.311,3.203,0.872,3.92,7.914,416.05 nM
231,231,240,2m9p_A_chian,5311101,-8.659,0,0,-6.347,0.289,3.121,0.856,3.275,10.63,449.64 nM
74,74,79,2m9p_A_chian,5717,-8.653,0,0,-6.343,0.211,2.84,0.795,-0.537,32.607,454.22 nM
142,142,147,2m9p_A_chian,6238,-8.632,0,0,-6.327,0.36,3.327,0.891,4.513,5.04,470.61 nM
198,198,206,2m9p_A_chian,221493,-8.62,0,0,-6.319,0.297,3.139,0.856,3.759,8.621,480.24 nM
76,76,81,2m9p_A_chian,216239,-8.617,0,0,-6.316,0.269,3.047,0.838,0.229,22.627,482.68 nM
188,188,196,2m9p_A_chian,222786,-8.6,0,0,-6.304,0.331,3.236,0.874,5.98,0.98,496.73 nM
23,23,26,2m9p_A_chian,10607,-8.58,0,0,-6.289,0.286,3.093,0.847,2.652,12.718,513.78 nM
141,141,145,2m9p_A_chian,18381,-8.553,0,0,-6.269,0.285,3.083,0.844,2.51,13.191,537.73 nM
52,52,57,2m9p_A_chian,44631912,-8.55,0,0,-6.267,0.267,3.023,0.832,2.376,14.574,540.46 nM
111,111,116,2m9p_A_chian,208908,-8.525,0,0,-6.249,0.213,2.819,0.788,-1.488,36.324,563.76 nM
7,7,9,2m9p_A_chian,5625,-8.517,0,0,-6.243,0.266,3.011,0.829,0.678,20.922,571.42 nM
84,84,89,2m9p_A_chian,3157,-8.517,0,0,-6.243,0.258,2.984,0.823,2.526,14.407,571.42 nM
67,67,72,2m9p_A_chian,5311167,-8.481,0,0,-6.217,0.292,3.088,0.842,3.862,8.065,607.22 nM
150,150,155,2m9p_A_chian,54726191,-8.391,0,0,-6.151,0.28,3.025,0.829,2.624,12.596,706.83 nM
156,156,157,2m9p_A_chian,11556711,-8.381,0,0,-6.143,0.161,2.562,0.721,-0.03,38.339,718.86 nM
27,27,31,2m9p_A_chian,5362440,-8.368,0,0,-6.134,0.186,2.671,0.751,3.893,12.048,734.81 nM
19,19,14,2m9p_A_chian,5311128,-8.349,0,0,-6.12,0.092,2.157,0.586,1.273,52.688,758.76 nM
222,222,231,2m9p_A_chian,5359272,-8.331,0,0,-6.107,0.438,3.444,0.9,2.671,7.844,782.16 nM
230,230,239,2m9p_A_chian,5284592,-8.329,0,0,-6.105,0.308,3.099,0.838,1.78,14.042,784.81 nM
180,180,187,2m9p_A_chian,6918554,-8.317,0,0,-6.096,0.287,3.029,0.827,2.026,14.182,800.86 nM
159,159,165,2m9p_A_chian,4891,-8.307,0,0,-6.089,0.361,3.243,0.864,3.719,6.566,814.49 nM
14,14,17,2m9p_A_chian,214348,-8.238,0,0,-6.039,0.294,3.032,0.824,2.943,10.529,915.09 nM
110,110,115,2m9p_A_chian,6741,-8.209,0,0,-6.017,0.304,3.054,0.827,5.335,2.243,961.0 nM
97,97,102,2m9p_A_chian,5754,-8.182,0,0,-5.997,0.315,3.079,0.832,4.624,4.358,1.01 uM
183,183,190,2m9p_A_chian,3955,-8.156,0,0,-5.978,0.24,2.832,0.784,0.793,21.605,1.05 uM
83,83,88,2m9p_A_chian,5556,-8.141,0,0,-5.967,0.354,3.178,0.847,3.034,8.285,1.08 uM
45,45,48,2m9p_A_chian,54767916,-8.139,0,0,-5.966,0.125,2.326,0.651,-4.426,83.138,1.08 uM
242,242,249,2m9p_A_chian,11978813,-8.125,0,0,-5.956,0.262,2.9,0.796,0.163,22.11,1.11 uM
9,9,11,2m9p_A_chian,3010818,-8.122,0,0,-5.954,0.166,2.527,0.713,2.623,20.067,1.11 uM
93,93,98,2m9p_A_chian,9863827,-8.085,0,0,-5.926,0.299,3.008,0.814,2.696,10.803,1.18 uM
124,124,129,2m9p_A_chian,152946,-8.074,0,0,-5.918,0.278,2.94,0.801,2.637,11.801,1.21 uM
118,118,123,2m9p_A_chian,9865442,-8.055,0,0,-5.904,0.298,2.997,0.811,4.824,3.623,1.25 uM
128,128,132,2m9p_A_chian,19649,-8.055,0,0,-5.904,0.201,2.663,0.744,5.358,2.715,1.25 uM
187,187,195,2m9p_A_chian,9904,-8.009,0,0,-5.871,0.4,3.26,0.856,3.859,5.029,1.35 uM
95,95,100,2m9p_A_chian,15052414,-7.943,0,0,-5.822,0.248,2.808,0.773,4.302,6.129,1.51 uM
184,184,192,2m9p_A_chian,4192,-7.929,0,0,-5.812,0.345,3.095,0.826,2.788,8.764,1.54 uM
109,109,114,2m9p_A_chian,5755,-7.925,0,0,-5.809,0.305,2.982,0.805,5.907,-0.323,1.55 uM
213,213,221,2m9p_A_chian,5284543,-7.924,0,0,-5.808,0.36,3.135,0.831,1.062,13.184,1.55 uM
178,178,185,2m9p_A_chian,4583,-7.918,0,0,-5.804,0.305,2.979,0.805,3.057,9.005,1.57 uM
179,179,186,2m9p_A_chian,3033924,-7.854,0,0,-5.757,0.302,2.955,0.797,3.01,9.095,1.75 uM
71,71,76,2m9p_A_chian,6714002,-7.842,0,0,-5.748,0.224,2.699,0.748,4.569,5.261,1.79 uM
17,17,13,2m9p_A_chian,25077993,-7.834,0,0,-5.742,0.082,1.992,0.538,-1.149,84.04,1.81 uM
196,196,202,2m9p_A_chian,446157,-7.799,0,0,-5.717,0.236,2.732,0.753,3.544,9.209,1.92 uM
245,245,253,2m9p_A_chian,11519070,-7.791,0,0,-5.711,0.243,2.755,0.757,-0.719,26.463,1.95 uM
30,30,34,2m9p_A_chian,3354,-7.789,0,0,-5.709,0.269,2.836,0.775,1.46,15.794,1.95 uM
236,236,241,2m9p_A_chian,37768,-7.765,0,0,-5.692,0.194,2.568,0.718,4.298,7.186,2.03 uM
112,112,117,2m9p_A_chian,11567473,-7.764,0,0,-5.691,0.268,2.827,0.772,3.194,9.318,2.04 uM
98,98,103,2m9p_A_chian,3742,-7.742,0,0,-5.675,0.18,2.505,0.703,0.984,26.061,2.11 uM
81,81,86,2m9p_A_chian,4893,-7.736,0,0,-5.671,0.276,2.847,0.773,2.36,11.997,2.14 uM
145,145,149,2m9p_A_chian,9915743,-7.658,0,0,-5.613,0.191,2.532,0.707,-0.589,32.472,2.44 uM
200,200,208,2m9p_A_chian,2118,-7.644,0,0,-5.603,0.347,3.024,0.801,3.324,6.569,2.49 uM
10,10,7,2m9p_A_chian,25077405,-7.624,0,0,-5.588,0.079,1.939,0.519,-1.379,88.19,2.58 uM
72,72,77,2m9p_A_chian,10184653,-7.619,0,0,-5.585,0.224,2.645,0.732,-0.516,27.237,2.6 uM
229,229,237,2m9p_A_chian,441278,-7.598,0,0,-5.569,0.362,3.048,0.805,1.66,10.8,2.7 uM
201,201,209,2m9p_A_chian,4474,-7.56,0,0,-5.542,0.216,2.602,0.722,0.631,22.735,2.87 uM
221,221,229,2m9p_A_chian,5746,-7.554,0,0,-5.537,0.315,2.911,0.78,5.972,-1.381,2.9 uM
44,44,44,2m9p_A_chian,135415564,-7.546,0,0,-5.531,0.124,2.198,0.619,1.106,35.687,2.94 uM
176,176,162,2m9p_A_chian,89921642,-7.532,0,0,-5.521,0.126,2.205,0.622,-0.873,50.749,3.01 uM
238,238,246,2m9p_A_chian,33613,-7.523,0,0,-5.514,0.301,2.864,0.77,4.973,1.798,3.06 uM
240,240,247,2m9p_A_chian,5742832,-7.505,0,0,-5.501,0.268,2.762,0.751,5.35,0.562,3.15 uM
26,26,29,2m9p_A_chian,5401,-7.496,0,0,-5.495,0.268,2.759,0.751,2.184,12.355,3.2 uM
233,233,242,2m9p_A_chian,65981,-7.481,0,0,-5.484,0.227,2.621,0.725,-0.117,24.673,3.28 uM
80,80,85,2m9p_A_chian,3961,-7.469,0,0,-5.475,0.249,2.692,0.737,1.352,16.56,3.35 uM
28,28,22,2m9p_A_chian,6918173,-7.458,0,0,-5.467,0.081,1.921,0.519,0.128,65.917,3.41 uM
70,70,66,2m9p_A_chian,66828839,-7.453,0,0,-5.463,0.129,2.204,0.623,-2.489,61.645,3.44 uM
25,25,28,2m9p_A_chian,9833444,-7.444,0,0,-5.457,0.095,2.015,0.554,0.431,52.906,3.5 uM
131,131,133,2m9p_A_chian,487090,-7.422,0,0,-5.44,0.158,2.338,0.659,8.774,-21.101,3.63 uM
11,11,10,2m9p_A_chian,657181,-7.419,0,0,-5.438,0.085,1.943,0.528,-1.07,76.569,3.65 uM
99,99,104,2m9p_A_chian,16078,-7.38,0,0,-5.41,0.321,2.881,0.768,0.364,15.718,3.89 uM
211,211,218,2m9p_A_chian,3261,-7.378,0,0,-5.408,0.351,2.96,0.781,2.776,7.498,3.91 uM
170,170,178,2m9p_A_chian,5281037,-7.375,0,0,-5.406,0.246,2.658,0.728,0.805,18.703,3.93 uM
88,88,93,2m9p_A_chian,941651,-7.369,0,0,-5.402,0.246,2.656,0.728,0.481,20.005,3.97 uM
149,149,151,2m9p_A_chian,151171,-7.347,0,0,-5.385,0.193,2.467,0.687,-1.689,36.65,4.12 uM
78,78,83,2m9p_A_chian,10324367,-7.332,0,0,-5.374,0.198,2.482,0.691,2.228,15.889,4.22 uM
197,197,204,2m9p_A_chian,71496458,-7.33,0,0,-5.373,0.198,2.481,0.691,0.246,25.894,4.24 uM
123,123,128,2m9p_A_chian,9552079,-7.298,0,0,-5.35,0.215,2.534,0.702,-1.881,33.632,4.47 uM
43,43,47,2m9p_A_chian,5284585,-7.285,0,0,-5.34,0.304,2.808,0.753,3.35,6.547,4.57 uM
232,232,238,2m9p_A_chian,441306,-7.278,0,0,-5.335,0.221,2.55,0.705,2.71,11.877,4.63 uM
91,91,96,2m9p_A_chian,54454,-7.234,0,0,-5.303,0.241,2.608,0.714,-0.1,22.421,4.98 uM
182,182,189,2m9p_A_chian,9926791,-7.208,0,0,-5.284,0.313,2.814,0.749,3.408,5.992,5.21 uM
219,219,227,2m9p_A_chian,3156,-7.165,0,0,-5.252,0.256,2.637,0.717,0.75,17.585,5.6 uM
108,108,112,2m9p_A_chian,53232,-7.14,0,0,-5.234,0.246,2.6,0.709,0.301,20.054,5.84 uM
58,58,63,2m9p_A_chian,9571107,-7.063,0,0,-5.177,0.252,2.599,0.706,3.178,7.933,6.65 uM
186,186,191,2m9p_A_chian,65492,-7.048,0,0,-5.166,0.227,2.516,0.69,4.022,5.038,6.82 uM
3,3,2,2m9p_A_chian,25074887,-7.022,0,0,-5.147,0.069,1.753,0.468,-4.401,138.372,7.13 uM
151,151,156,2m9p_A_chian,57697,-7.018,0,0,-5.144,0.413,3,0.779,4.961,0.443,7.17 uM
90,90,95,2m9p_A_chian,11954371,-6.989,0,0,-5.123,0.304,2.728,0.727,2.709,7.94,7.53 uM
36,36,40,2m9p_A_chian,54746,-6.984,0,0,-5.119,0.212,2.447,0.677,0.848,20.146,7.6 uM
225,225,233,2m9p_A_chian,5487427,-6.972,0,0,-5.111,0.268,2.623,0.708,2.328,10.383,7.75 uM
134,134,138,2m9p_A_chian,64929,-6.962,0,0,-5.103,0.316,2.754,0.73,2.31,8.839,7.88 uM
13,13,16,2m9p_A_chian,8226,-6.949,0,0,-5.094,0.278,2.646,0.711,2.515,9.278,8.06 uM
49,49,54,2m9p_A_chian,3736,-6.923,0,0,-5.075,0.216,2.448,0.673,3.979,5.074,8.42 uM
210,210,217,2m9p_A_chian,3739,-6.922,0,0,-5.074,0.204,2.403,0.666,-1.696,33.187,8.44 uM
132,132,136,2m9p_A_chian,5920,-6.886,0,0,-5.048,0.299,2.688,0.715,0.395,15.562,8.96 uM
164,164,170,2m9p_A_chian,4139,-6.841,0,0,-5.015,0.342,2.785,0.732,1.916,9.063,9.67 uM
82,82,87,2m9p_A_chian,5819,-6.831,0,0,-5.007,0.285,2.633,0.706,-0.251,18.448,9.84 uM
55,55,60,2m9p_A_chian,54687,-6.828,0,0,-5.005,0.228,2.461,0.675,1.904,13.602,9.89 uM
169,169,177,2m9p_A_chian,60857,-6.821,0,0,-5,0.325,2.736,0.723,2.428,7.915,10.0 uM
212,212,219,2m9p_A_chian,4197,-6.797,0,0,-4.982,0.425,2.959,0.766,3.405,3.711,10.42 uM
60,60,58,2m9p_A_chian,166548,-6.761,0,0,-4.956,0.082,1.802,0.492,-2.313,88.648,11.07 uM
168,168,176,2m9p_A_chian,131682,-6.73,0,0,-4.933,0.306,2.662,0.707,1.168,12.305,11.66 uM
87,87,92,2m9p_A_chian,2092,-6.722,0,0,-4.927,0.24,2.474,0.673,1.753,13.226,11.82 uM
41,41,45,2m9p_A_chian,5281081,-6.713,0,0,-4.921,0.305,2.656,0.704,2.369,8.366,12.0 uM
171,171,179,2m9p_A_chian,446598,-6.699,0,0,-4.91,0.248,2.492,0.675,0.953,15.956,12.29 uM
16,16,19,2m9p_A_chian,45110509,-6.687,0,0,-4.902,0.122,2.01,0.568,-2.049,56.973,12.54 uM
217,217,224,2m9p_A_chian,71384,-6.674,0,0,-4.892,0.351,2.759,0.722,6.942,-5.84,12.82 uM
133,133,137,2m9p_A_chian,3878,-6.671,0,0,-4.89,0.417,2.904,0.752,3.389,3.599,12.89 uM
24,24,27,2m9p_A_chian,5281071,-6.658,0,0,-4.88,0.266,2.535,0.681,3.278,6.021,13.17 uM
206,206,214,2m9p_A_chian,2749,-6.652,0,0,-4.876,0.443,2.952,0.763,2.815,4.652,13.31 uM
85,85,78,2m9p_A_chian,6442177,-6.636,0,0,-4.864,0.098,1.871,0.525,-2.931,79.54,13.67 uM
237,237,245,2m9p_A_chian,3333,-6.607,0,0,-4.843,0.264,2.515,0.676,0.517,16.388,14.36 uM
115,115,120,2m9p_A_chian,6029,-6.597,0,0,-4.836,0.388,2.82,0.732,5.814,-2.52,14.6 uM
194,194,201,2m9p_A_chian,5578,-6.563,0,0,-4.811,0.313,2.633,0.696,2.391,7.732,15.46 uM
227,227,234,2m9p_A_chian,2131,-6.529,0,0,-4.786,0.181,2.228,0.618,-0.101,27.001,16.37 uM
38,38,42,2m9p_A_chian,448812,-6.456,0,0,-4.732,0.113,1.92,0.539,1.828,25.703,18.52 uM
202,202,210,2m9p_A_chian,2140,-6.449,0,0,-4.727,0.322,2.625,0.689,1.466,10.129,18.74 uM
181,181,188,2m9p_A_chian,4735,-6.446,0,0,-4.725,0.258,2.454,0.66,0.242,17.376,18.84 uM
246,246,254,2m9p_A_chian,5311221,-6.443,0,0,-4.723,0.208,2.3,0.632,0.328,21.128,18.93 uM
127,127,105,2m9p_A_chian,3724,-6.427,0,0,-4.711,0.104,1.863,0.525,3.13,15.201,19.45 uM
174,174,182,2m9p_A_chian,44564,-6.392,0,0,-4.685,0.304,2.564,0.676,4.281,1.329,20.63 uM
193,193,199,2m9p_A_chian,153994,-6.373,0,0,-4.671,0.212,2.297,0.628,0.411,20.093,21.31 uM
12,12,15,2m9p_A_chian,24965990,-6.369,0,0,-4.669,0.199,2.252,0.62,-0.165,24.292,21.45 uM
79,79,84,2m9p_A_chian,3278,-6.315,0,0,-4.629,0.332,2.611,0.682,1.247,10.186,23.5 uM
235,235,244,2m9p_A_chian,23724932,-6.298,0,0,-4.616,0.315,2.564,0.674,1.635,9.462,24.18 uM
1,1,1,2m9p_A_chian,9941444,-6.213,0,0,-4.554,0.081,1.688,0.469,-3.37,97.831,27.91 uM
208,208,216,2m9p_A_chian,6178111,-6.192,0,0,-4.539,0.364,2.647,0.687,0.722,10.486,28.92 uM
139,139,144,2m9p_A_chian,37542,-6.181,0,0,-4.531,0.364,2.642,0.687,4.968,-1.201,29.46 uM
247,247,124,2m9p_A_chian,477468,-6.13,0,0,-4.493,0.069,1.595,0.434,2.81,24.394,32.11 uM
234,234,243,2m9p_A_chian,3737,-5.973,0,0,-4.378,0.299,2.432,0.64,1.397,9.968,41.85 uM
226,226,235,2m9p_A_chian,5656,-5.946,0,0,-4.358,0.297,2.421,0.636,1.865,8.393,43.81 uM
135,135,139,2m9p_A_chian,9835049,-5.847,0,0,-4.286,0.344,2.499,0.649,4.335,-0.144,51.77 uM
53,53,56,2m9p_A_chian,5284373,-5.739,0,0,-4.207,0.068,1.514,0.417,-2.721,101.876,62.12 uM
207,207,211,2m9p_A_chian,6918670,-5.686,0,0,-4.168,0.183,2.03,0.556,1.798,12.954,67.94 uM
50,50,41,2m9p_A_chian,5311065,-5.682,0,0,-4.165,0.077,1.562,0.435,2.583,20.548,68.4 uM
69,69,74,2m9p_A_chian,132999,-5.669,0,0,-4.155,0.167,1.968,0.546,-0.656,28.81,69.91 uM
220,220,228,2m9p_A_chian,7638,-5.663,0,0,-4.151,0.378,2.513,0.651,1.18,7.86,70.63 uM
64,64,69,2m9p_A_chian,3037557,-5.567,0,0,-4.081,0.242,2.173,0.579,5.384,-5.384,83.05 uM
199,199,207,2m9p_A_chian,3341,-5.493,0,0,-4.026,0.262,2.204,0.583,0.277,14.308,94.1 uM
77,77,82,2m9p_A_chian,2788,-5.429,0,0,-3.98,0.418,2.515,0.655,0.782,7.652,104.83 uM
8,8,5,2m9p_A_chian,16130957,-5.428,0,0,-3.979,0.048,1.318,0.342,-6.386,215.929,105.01 uM
66,66,71,2m9p_A_chian,44603531,-5.375,0,0,-3.94,0.1,1.624,0.46,-2.514,64.537,114.83 uM
209,209,215,2m9p_A_chian,2973,-5.285,0,0,-3.874,0.136,1.761,0.494,1.547,17.11,133.67 uM
5,5,3,2m9p_A_chian,457193,-5.24,0,0,-3.841,0.058,1.358,0.367,-0.402,73.155,144.22 uM
61,61,64,2m9p_A_chian,5388937,-5.227,0,0,-3.831,0.072,1.443,0.403,0.646,44.239,147.42 uM
102,102,90,2m9p_A_chian,71511839,-5.081,0,0,-3.724,0.072,1.414,0.396,-0.687,61.269,188.62 uM
155,155,161,2m9p_A_chian,54670067,-5.077,0,0,-3.721,0.423,2.409,0.633,5.128,-3.327,189.89 uM
205,205,213,2m9p_A_chian,5910,-5.075,0,0,-3.72,0.338,2.252,0.582,2.718,2.964,190.54 uM
37,37,20,2m9p_A_chian,21585658,-5.029,0,0,-3.686,0.044,1.211,0.317,-0.835,102.75,205.92 uM
195,195,203,2m9p_A_chian,27661,-4.98,0,0,-3.65,0.383,2.307,0.6,1.825,4.765,223.67 uM
146,146,152,2m9p_A_chian,2972,-4.93,0,0,-3.614,0.493,2.471,0.684,3.215,0.81,243.37 uM
153,153,159,2m9p_A_chian,4513,-4.923,0,0,-3.609,0.234,1.975,0.521,1.599,8.59,246.26 uM
73,73,65,2m9p_A_chian,5284616,-4.859,0,0,-3.562,0.075,1.389,0.39,-3.172,89.784,274.35 uM
59,59,50,2m9p_A_chian,16119814,-4.837,0,0,-3.546,0.063,1.314,0.364,-1.908,86.575,284.73 uM
165,165,171,2m9p_A_chian,667490,-4.818,0,0,-3.532,0.482,2.415,0.669,2.517,2.107,294.01 uM
92,92,97,2m9p_A_chian,4510,-4.7,0,0,-3.445,0.313,2.086,0.539,2.896,1.756,358.8 uM
177,177,184,2m9p_A_chian,4091,-4.503,0,0,-3.301,0.5,2.329,0.685,2.83,0.941,500.33 uM
191,191,198,2m9p_A_chian,2907,-4.46,0,0,-3.269,0.319,2.021,0.524,-0.365,11.391,537.99 uM
65,65,70,2m9p_A_chian,3219,-4.438,0,0,-3.253,0.202,1.756,0.466,-0.883,20.477,558.35 uM
215,215,223,2m9p_A_chian,5961,-4.324,0,0,-3.17,0.432,2.167,0.6,3.33,-0.369,676.81 uM
31,31,32,2m9p_A_chian,448601,-4.186,0,0,-3.068,0.059,1.165,0.325,0.975,35.473,854.32 uM
100,100,75,2m9p_A_chian,6918289,-2.697,0,0,-1.977,0.037,0.745,0.207,-3.166,139.005,10.55 mM
